qid,query,doc_id,title,abstract_start,relevant,judged_by
C1,Does vitamin D deficiency increase the risk of multiple sclerosis?,12810152,Folate and vitamin B6 from diet and supplements in relation to risk of coronary heart disease among women.,"CONTEXT Hyperhomocysteinemia is caused by genetic and lifestyle influences, including low intakes of folate and vitamin B6. However, prospective data relating intake of these vitamins to risk of coronary heart disease (CHD) are not available. OBJECTIVE To examine intakes of folate and vitamin B6 in relation to the incidence of nonfatal myocardial infarction (MI) and fatal CHD. DESIGN Prospective cohort study. SETTING AND PATIENTS In 1980, a total of 80082 women from the Nurses' Health Study with no previous history of cardiovascular disease, cancer, hypercholesterolemia, or diabetes completed ",0,Manually verified by team
C1,Does vitamin D deficiency increase the risk of multiple sclerosis?,17000834,"Past exposure to sun, skin phenotype, and risk of multiple sclerosis: case-control study.","OBJECTIVE To examine whether past high sun exposure is associated with a reduced risk of multiple sclerosis. DESIGN Population based case-control study. SETTING Tasmania, latitudes 41-3 degrees S.   PARTICIPANTS 136 cases with multiple sclerosis and 272 controls randomly drawn from the community and matched on sex and year of birth. MAIN OUTCOME MEASURE Multiple sclerosis defined by both clinical and magnetic resonance imaging criteria. RESULTS Higher sun exposure when aged 6-15 years (average 2-3 hours or more a day in summer during weekends and holidays) was associated with a decreased risk ",1,Manually verified by team
C1,Does vitamin D deficiency increase the risk of multiple sclerosis?,22843838,[Vitamin D and latitude as environmental factors in multiple sclerosis].,"Multiple sclerosis (MS) shows a multifold increase in prevalence with an increase in latitudes, both north and south of the equator. One of the potential factors related to the difference of the prevalence is vitamin D, because the strength of ambient ultraviolet light, which is essential for vitamin D production, decreases with increasing latitude. It is known that vitamin D has immunomodulatory functions and suppresses an animal model of MS. It is also considered that vitamin D-related genes are critical susceptible genes for MS. An approach from environmental and genetic aspects is needed t",1,Manually verified by team
C1,Does vitamin D deficiency increase the risk of multiple sclerosis?,23267371,"Vitamin D: The ""sunshine"" vitamin.","Vitamin D insufficiency affects almost 50% of the population worldwide. An estimated 1 billion people worldwide, across all ethnicities and age groups, have a vitamin D deficiency (VDD). This pandemic of hypovitaminosis D can mainly be attributed to lifestyle (for example, reduced outdoor activities) and environmental (for example, air pollution) factors that reduce exposure to sunlight, which is required for ultraviolet-B (UVB)-induced vitamin D production in the skin. High prevalence of vitamin D insufficiency is a particularly important public health issue because hypovitaminosis D is an in",0,Manually verified by team
C1,Does vitamin D deficiency increase the risk of multiple sclerosis?,275294,Environmental factors that influence the cutaneous production of vitamin D,"All vertebrates, including humans, obtain most of their daily vitamin D requirement from casual exposure to sunlight. During exposure to sunlight, the solar ultraviolet B photons (290-315 nm) penetrate into the skin where they cause the photolysis of 7-dehydrocholesterol to precholecalciferol. Once formed, precholecalciferol undergoes a thermally induced rearrangement of its double bonds to form cholecalciferol. An increase in skin pigmentation, aging, and the topical application of a sunscreen diminishes the cutaneous production of cholecalciferol. Latitude, season, and time of day as well as",0,Manually verified by team
C1,Does vitamin D deficiency increase the risk of multiple sclerosis?,30720103,"Vitamin D status: measurement, interpretation, and clinical application.","Vitamin D, the sunshine vitamin, is now recognized not only for its importance in promoting bone health in children and adults but also for other health benefits, including reducing the risk of chronic diseases such as autoimmune diseases, common cancer, and cardiovascular disease. Vitamin D made in the skin or ingested in the diet is biologically inert and requires 2 successive hydroxylations first in the liver on carbon 25 to form 25-hydroxyvitamin D [25(OH)D], and then in the kidney for a hydroxylation on carbon 1 to form the biologically active form of vitamin D, 1,25-dihydroxyvitamin D [1",0,Manually verified by team
C1,Does vitamin D deficiency increase the risk of multiple sclerosis?,43226130,"Female Gender and Reproductive Factors Affecting Risk, Relapses and Progression in Multiple Sclerosis","Multiple sclerosis (MS), a chronic inflammatory demyelina-ting and degenerative disease of the central nervous system, is a frequent cause of neurological disability in young adults. Female predominance has increased over the last decades. Although female gender carries a higher risk of developing relapsing remitting MS, being female and at child-bearing age also appears to provide some protection against cognitive decline and against progressive onset MS, an adverse predictive factor when considering long-term disability in MS. The risk of MS in women has been associated with an earlier age a",0,Manually verified by team
C1,Does vitamin D deficiency increase the risk of multiple sclerosis?,9555784,Vitamin d deficiency in postmenopausal women - biological correlates.,"INTRODUCTION Low vitamin D (VD) is associated with secondary hyperparathyroidism and both contribute to deleterious consequences (reduced bone mineral density (BMD), risk of fractures and falls). OBJECTIVE To study the VD status and biological correlates in a group of postmenopausal women. MATERIAL AND METHODS We studied 123 postmenopausal women evaluated in the C.I.Parhon National Institute of Endocrinology, the Pituitary and Neuroendocrine Diseases department. All cases had been reffered for the evaluation of BMD by the general practitioner. The evaluation included serum measurements of tota",0,Manually verified by team
C2,What is the role of microRNAs in cancer metastasis?,1379127,Orai1 and STIM1 are critical for breast tumor cell migration and metastasis.,"Tumor metastasis is the primary cause of death of cancer patients. Understanding the molecular mechanisms underlying tumor metastasis will provide potential drug targets. We report here that Orai1 and STIM1, both of which are involved in store-operated calcium entry, are essential for breast tumor cell migration in vitro and tumor metastasis in mice. Reduction of Orai1 or STIM1 by RNA interference in highly metastatic human breast cancer cells or treatment with a pharmacological inhibitor of store-operated calcium channels decreased tumor metastasis in animal models. Our data demonstrate a rol",0,Manually verified by team
C2,What is the role of microRNAs in cancer metastasis?,16364639,An Extensive MicroRNA-Mediated Network of RNA-RNA Interactions Regulates Established Oncogenic Pathways in Glioblastoma,"By analyzing gene expression data in glioblastoma in combination with matched microRNA profiles, we have uncovered a posttranscriptional regulation layer of surprising magnitude, comprising more than 248,000 microRNA (miR)-mediated interactions. These include ∼7,000 genes whose transcripts act as miR ""sponges"" and 148 genes that act through alternative, nonsponge interactions. Biochemical analyses in cell lines confirmed that this network regulates established drivers of tumor initiation and subtype implementation, including PTEN, PDGFRA, RB1, VEGFA, STAT3, and RUNX1, suggesting that these int",0,Manually verified by team
C2,What is the role of microRNAs in cancer metastasis?,17544977,Circular RNA and miR-7 in cancer.,"MicroRNAs (miRNA) play important roles in fine-tuning gene expression and are often deregulated in cancer. The identification of competing endogenous RNA and circular RNA (circRNA) as important regulators of miRNA activity underscores the increasing complexity of ncRNA-mediated regulatory networks. Particularly, the recently identified circular RNA, ciRS-7, which acts as a designated miR-7 inhibitor/sponge, has conceptually changed the mechanistic understanding of miRNA networks. As miR-7 modulates the expression of several oncogenes, disclosing the regulation of miR-7 activity will likely adv",0,Manually verified by team
C2,What is the role of microRNAs in cancer metastasis?,17934082,Membrane lipids in invadopodia and podosomes: Key structures for cancer invasion and metastasis,"Invadopodia are extracellular matrix (ECM)-degrading protrusions formed by invasive cancer cells. Podosomes are structures functionally similar to invadopodia that are found in oncogene-transformed fibroblasts and monocyte-derived cells, including macrophages and osteoclasts. These structures are thought to play important roles in the pericellular remodeling of ECM during cancer invasion and metastasis. Much effort has been directed toward identification of the molecular components and regulators of invadopodia/podosomes, which could be therapeutic targets in the treatment of malignant cancers",0,Manually verified by team
C2,What is the role of microRNAs in cancer metastasis?,19047331,Direct Upregulation of STAT3 by MicroRNA-551b-3p Deregulates Growth and Metastasis of Ovarian Cancer.,"3q26.2 amplification in high-grade serous ovarian cancer leads to increased expression of mature microRNA miR551b-3p, which is associated with poor clinical outcome. Importantly, miR551b-3p contributes to resistance to apoptosis and increased survival and proliferation of cancer cells in vitro and in vivo. miR551b-3p upregulates STAT3 protein levels, and STAT3 is required for the effects of miR551b-3p on cell proliferation. Rather than decreasing levels of target mRNA as expected, we demonstrate that miR551b-3p binds a complementary sequence on the STAT3 promoter, recruiting RNA polymerase II ",1,Manually verified by team
C2,What is the role of microRNAs in cancer metastasis?,1976183,OncomiR-196 promotes an invasive phenotype in oral cancer through the NME4-JNK-TIMP1-MMP signaling pathway,"BACKGROUND MicroRNA-196 (miR-196), which is highly up-regulated in oral cancer cells, has been reported to be aberrantly expressed in several cancers; however, the significance of miR-196 in oral cancer has not yet been addressed. METHODS Cellular functions in response to miR-196 modulation were examined, including cell growth, migration, invasion and radio/chemosensitivity. Algorithm-based studies were used to identify the regulatory target of miR-196. The miR-196 target gene and downstream molecular mechanisms were confirmed by RT-qPCR, western blot, luciferase reporter and confocal microsco",1,Manually verified by team
C2,What is the role of microRNAs in cancer metastasis?,25523969,MicroRNA expression profiling of human metastatic cancers identifies cancer gene targets.,"Small non-coding microRNAs (miRNAs) contribute to cancer development and progression, and are differentially expressed in normal tissues and cancers. However, the specific role of miRNAs in the metastatic process is still unknown. To seek a specific miRNA expression signature characterizing the metastatic phenotype of solid tumours, we performed a miRNA microarray analysis on 43 paired primary tumours (ten colon, ten bladder, 13 breast, and ten lung cancers) and one of their related metastatic lymph nodes. We identified a metastatic cancer miRNA signature comprising 15 overexpressed and 17 und",1,Manually verified by team
C2,What is the role of microRNAs in cancer metastasis?,5271210,"MicroRNAs: new tools for diagnosis, prognosis, and therapy in hepatocellular carcinoma?","MicroRNAs (miRNAs) are evolutionarily conserved small noncoding RNAs involved in the regulation of gene expression and protein translation. Many studies have shown that they play a crucial role in driving organ and tissue differentiation during embryogenesis and in the fine-tuning of fundamental biological processes, such as proliferation and apoptosis. Growing evidence indicates that their deregulation plays an important role in cancer onset and progression as well, where they act as oncogenes or oncosuppressors. In this review, we highlight the most recent findings regarding the role of miRN",0,Manually verified by team
C2,What is the role of microRNAs in cancer metastasis?,6828370,A coding-independent function of gene and pseudogene mRNAs regulates tumour biology,"The canonical role of messenger RNA (mRNA) is to deliver protein-coding information to sites of protein synthesis. However, given that microRNAs bind to RNAs, we hypothesized that RNAs could possess a regulatory role that relies on their ability to compete for microRNA binding, independently of their protein-coding function. As a model for the protein-coding-independent role of RNAs, we describe the functional relationship between the mRNAs produced by the PTEN tumour suppressor gene and its pseudogene PTENP1 and the critical consequences of this interaction. We find that PTENP1 is biologicall",0,Manually verified by team
C2,What is the role of microRNAs in cancer metastasis?,7621534,"Chemokine receptor trio: CXCR3, CXCR4 and CXCR7 crosstalk via CXCL11 and CXCL12.","Although chemokines are well established to function in immunity and endothelial cell activation and proliferation, a rapidly growing literature suggests that CXC Chemokine receptors CXCR3, CXCR4 and CXCR7 are critical in the development and progression of solid tumors. The effect of these chemokine receptors in tumorigenesis is mediated via interactions with shared ligands I-TAC (CXCL11) and SDF-1 (CXCL12). Over the last decade, CXCR4 has been extensively reported to be overexpressed in most human solid tumors and has earned considerable attention toward elucidating its role in cancer metasta",0,Manually verified by team
C2,What is the role of microRNAs in cancer metastasis?,8702697,miR-205 hinders the malignant interplay between prostate cancer cells and associated fibroblasts.,"AIMS Tumor microenvironment is a strong determinant for the acquisition of metastatic potential of cancer cells. We have recently demonstrated that cancer-associated fibroblasts (CAFs) elicit a redox-dependent epithelial-mesenchymal transition (EMT) in prostate cancer (PCa) cells, driven by cycloxygenase-2/hypoxia-inducible factor-1 (HIF-1)/nuclear factor-κB pathway and enhancing tumor aggressiveness. Here, we investigated the involvement of microRNAs (miRNAs) in tumor-stroma interplay to identify possible tools to counteract oxidative stress and metastasis dissemination. RESULTS We found that",1,Manually verified by team
C2,What is the role of microRNAs in cancer metastasis?,952111,Cancer associated fibroblasts (CAFs) in tumor microenvironment.,"Cancer associated fibroblasts (CAFs) is one of the most crucial components of the tumor microenvironment which promotes the growth and invasion of cancer cells by various mechanisms. CAFs demonstrate a high degree of heterogeneity due to their various origins; however, many distinct morphological features and physiological functions of CAFs have been identified. It is becoming clear that the crosstalk between the cancer cells and the CAFs plays a key role in the progression of cancer, and understanding this mutual relationship would eventually enable us to treat cancer patients by targeting CA",0,Manually verified by team
C3,Do statins reduce the risk of venous thromboembolism?,14973286,Recurrent venous thromboembolism and bleeding complications during anticoagulant treatment in patients with cancer and venous thrombosis.,"A small proportion of patients with deep vein thrombosis develop recurrent venous thromboembolic complications or bleeding during anticoagulant treatment. These complications may occur more frequently if these patients have concomitant cancer. This prospective follow-up study sought to determine whether in thrombosis patients those with cancer have a higher risk for recurrent venous thromboembolism or bleeding during anticoagulant treatment than those without cancer. Of the 842 included patients, 181 had known cancer at entry. The 12-month cumulative incidence of recurrent thromboembolism in c",0,Manually verified by team
C3,Do statins reduce the risk of venous thromboembolism?,2391552,Statin prophylaxis and inflammatory mediators following cardiopulmonary bypass: a systematic review,"INTRODUCTION Induction of an inflammatory response is thought to have a significant role in the complications that follow cardiopulmonary bypass (CPB). The statin drugs are increasingly being recognized as having potent anti-inflammatory effects and hence have potential to influence an important mechanism of injury in CPB, although there is no current confirmation that this is indeed the case. Our objective was to systematically review if pre-operative prophylactic statin therapy, compared with placebo or standard of care, can decrease the inflammatory response in people undergoing heart surge",0,Manually verified by team
C3,Do statins reduce the risk of venous thromboembolism?,29981186,Venous thrombosis in cancer patients: insights from the FRONTLINE survey.,"BACKGROUND Venous thromboembolism (VTE) is a common complication in cancer patients and a significant cause of morbidity and mortality. However, little information is available on oncologists' perceptions of the risk of VTE and its management. The Fundamental Research in Oncology and Thrombosis (FRONTLINE) study is the first comprehensive global survey of thrombosis and cancer. The study was designed to collect data on the perceived risk and patterns of practice with regard to VTE in cancer patients undergoing surgical and medical management of their malignancy and to provide information on in",0,Manually verified by team
C3,Do statins reduce the risk of venous thromboembolism?,34338075,Prevention of central venous catheter-associated thrombosis: a meta-analysis.,"PURPOSE Anticoagulant prophylaxis in patients with central venous catheters is controversial. We performed a meta-analysis of randomized controlled trials of anticoagulant prophylaxis in patients with central venous catheters. METHODS MEDLINE and EMBASE were searched up to May 2006, supplemented by manual searches of conference proceedings and bibliographies. RESULTS Fifteen trials were included. Unfractionated heparin infusion, oral fixed low-dose vitamin K antagonist, and subcutaneous low-molecular-weight heparin were evaluated. For all catheter-associated deep vein thrombosis (symptomatic a",0,Manually verified by team
C3,Do statins reduce the risk of venous thromboembolism?,4687948,HMG-CoA reductase inhibitors and the risk of hip fractures in elderly patients.,"CONTEXT Recent animal studies have found that 3-hydroxy-3-methylglutaryl coenzyme A (HMG-CoA) lipid-lowering drugs (statins) substantially increase bone formation, but whether statin use in humans results in clinically meaningful bone formation or a reduction in the risk of osteoporotic fractures is not known. OBJECTIVE To determine whether the use of statins is associated with reduced hip fracture risk. DESIGN Case-control study. SETTING AND PATIENTS A total of 6110 New Jersey residents aged 65 years or older and enrolled in Medicare and either Medicaid or the Pharmacy Assistance for the Aged",0,Manually verified by team
C3,Do statins reduce the risk of venous thromboembolism?,5698494,The benefits of statins in people without established cardiovascular disease but with cardiovascular risk factors: meta-analysis of randomised controlled trials,"OBJECTIVES To investigate whether statins reduce all cause mortality and major coronary and cerebrovascular events in people without established cardiovascular disease but with cardiovascular risk factors, and whether these effects are similar in men and women, in young and older (>65 years) people, and in people with diabetes mellitus. DESIGN Meta-analysis of randomised trials. DATA SOURCES Cochrane controlled trials register, Embase, and Medline. Data abstraction Two independent investigators identified studies on the clinical effects of statins compared with a placebo or control group and w",0,Manually verified by team
C3,Do statins reduce the risk of venous thromboembolism?,6212802,Simvastatin reduces CD40 expression in an experimental model of early arterialization of saphenous vein graft.,"BACKGROUND Saphenous vein graft (VG) failure occurs more frequently compared with arterial grafts, and graft thrombosis represents the main cause of early occlusion. Because CD40-CD40L pathway CD40 represents a culprit link between local inflammation and coagulation cascade, we investigate the role of CD40 and its soluble ligand (sCD40L) in the immediate in vitro response of VG to arterial pressures, and the potential effects of Simvastatin (Merck Sharp&Dohme, White-house Station, NJ) supplementation. METHODS Samples of saphenous vein and of internal mammary artery (IMA) were obtained from six",0,Manually verified by team
C3,Do statins reduce the risk of venous thromboembolism?,7454794,Statins in the primary prevention of cardiovascular disease,"Statins are widely used in the evidence-based lowering of cardiovascular disease (CVD) risk. The use of these drugs for secondary prevention of CVD is well founded, but their expanding use in primary prevention—in individuals without documented CVD—has raised some concerns. Firstly, evidence suggests that, in primary prevention, statins substantially decrease CVD morbidity, but only moderately reduce CVD mortality. Secondly, long-term statin use might cause adverse effects, such as incident diabetes mellitus. Thirdly, the cost-effectiveness of such a strategy is unclear, and has to be balanced",0,Manually verified by team
C3,Do statins reduce the risk of venous thromboembolism?,79231308,Role of Computerized Physician Order Entry Systems in Facilitating Medication Errors,"as compared with 103 (8.2 percent) in the control group; the Kaplan-Meier estimates of the likelihood of freedom from deep-vein thrombosis or pulmonary embolism at 90 days were 94.1 percent (95 percent confidence interval, 92.5 to 95.4 percent) and 90.6 percent (95 percent confidence interval, 88.7 to 92.2 percent), respectively (P 0.001). The computer alert reduced the risk of deep-vein thrombosis or pulmonary embolism at 90 days by 41 percent (hazard ratio, 0.59; 95 percent confidence interval, 0.43 to 0.81; P 0.001). CONCLUSIONS The institution of a computer-alert program increased physicia",0,Manually verified by team
C3,Do statins reduce the risk of venous thromboembolism?,9846940,Preoperative statin treatment reduces systemic inflammatory response and myocardial damage in cardiac surgery.,"OBJECTIVE To determine if preoperative statin treatment is associated with a reduction in systemic inflammatory response (SIR) and myocardial damage markers following cardiac surgery with cardiopulmonary bypass (CPB). METHODS We study a prospective cohort of 138 patients who underwent coronary and valvular surgery with CPB. We differentiate two study groups: patients with (group A, n=72) or without (group B, n=66) statins. Plasma levels of pro-inflammatory interleukins (tumour necrosis factor-alpha (TNF-alpha), interleukin (IL)-6, IL-8 and IL-2R), creatine phosphokinase (CPK), CPK-MB and tropo",0,Manually verified by team
C4,Are liver transplant programs willing to accept patients on methadone maintenance?,14390137,Management of hepatitis C disease among VA patients with schizophrenia and substance use disorders.,"OBJECTIVE Rates of hepatitis C (HCV) infection, testing, and treatment were compared among patients with schizophrenia, a substance use disorder, or co-occurring schizophrenia or schizoaffective disorder and a substance use disorder and a control group. METHODS Information about 293,445 patients of the Northwest Veterans Healthcare Administration was obtained. RESULTS The substance use disorder group constituted 13.6 percent of the sample; the schizophrenia group, 1.6 percent; and the co-occurring-disorders group, 1.4 percent. Respectively, these groups were approximately four, two, and six ti",0,Manually verified by team
C4,Are liver transplant programs willing to accept patients on methadone maintenance?,14647747,Successful expansion of functional and stable regulatory T cells for immunotherapy in liver transplantation,"Strategies to prevent organ transplant rejection whilst minimizing long-term immunosuppression are currently under intense investigation with regulatory T cells (Tregs) nearing clinical application. The clinical trial, ThRIL, recently commenced at King's College London, proposes to use Treg cell therapy to induce tolerance in liver transplant recipients, the success of which has the potential to revolutionize the management of these patients and enable a future of drug-free transplants. This is the first report of the manufacture of clinical grade Tregs from prospective liver transplant recipi",0,Manually verified by team
C4,Are liver transplant programs willing to accept patients on methadone maintenance?,16737210,Kidney paired donation and optimizing the use of live donor organs.,"CONTEXT Blood type and crossmatch incompatibility will exclude at least one third of patients in need from receiving a live donor kidney transplant. Kidney paired donation (KPD) offers incompatible donor/recipient pairs the opportunity to match for compatible transplants. Despite its increasing popularity, very few transplants have resulted from KPD. OBJECTIVE To determine the potential impact of improved matching schemes on the number and quality of transplants achievable with KPD. DESIGN, SETTING, AND POPULATION We developed a model that simulates pools of incompatible donor/recipient pairs.",0,Manually verified by team
C4,Are liver transplant programs willing to accept patients on methadone maintenance?,21859699,Successful three-way kidney paired donation with cross-country live donor allograft transport.,"Providing transplantation opportunities for patients with incompatible live donors through kidney paired donation (KPD) is seen as one of the important strategies for easing the crisis in organ availability. It has been estimated that an additional 1000-2000 transplants per year could be accomplished if a national KPD program were implemented in the United States. While most of these transplants could be arranged within the participants' local or regional area, patients with hard-to-match blood types or broad HLA sensitization would benefit from matching across larger geographic areas. In this",0,Manually verified by team
C4,Are liver transplant programs willing to accept patients on methadone maintenance?,24700152,Linkage with methadone treatment upon release from incarceration: a promising opportunity.,"Injection drug users (IDUs) are at increased risk for HIV, viral hepatitis, and tuberculosis, and making up more than a quarter of the incarcerated population in the United States. Methadone maintenance treatment of opiate addiction is highly effective at reducing drug use, drug-related criminal activity, and risk of HIV transmission. Recently released inmates are at particularly high risk for overdose and disease transmission. Linkage to methadone treatment immediately upon release from incarceration is a promising opportunity to combat disease transmission, facilitate reentry into the commun",0,Manually verified by team
C4,Are liver transplant programs willing to accept patients on methadone maintenance?,25182647,Maternal and perinatal outcome in severe pregnancy-related liver disease.,"Acute fatty liver of pregnancy (AFLP) and the syndrome of hemolysis, elevated liver enzyme levels, and low platelet count (HELLP) are rare but major disorders of the third trimester of pregnancy. Over a 10-year period, 46 women (median age, 30 years; range, 17-41 years) developed hepatic dysfunction severe enough to require transfer to our Liver Failure Unit. Three quarters of the women were nulliparous, and 5 had twin pregnancies; the median gestational age was 35 weeks (range, 24-40 weeks). At admission, 32 patients (70%) were preeclamptic and 21 (46%) were encephalopathic and/or ventilated.",0,Manually verified by team
C4,Are liver transplant programs willing to accept patients on methadone maintenance?,44265107,Liver transplantation and opioid dependence.,"ContextChronic hepatitis C is the leading cause for liver transplantation in the United States. Intravenous drug use, the major risk factor, accounts for approximately 60% of hepatitis C virus transmission. Information from the United Network of Organ Sharing (UNOS) does not address substance use among liver transplantation patients. ObjectiveTo identify addiction-related criteria for admission to the UNOS liver transplantation waiting list and posttransplantation problems experienced by patients who are prescribed maintenance methadone. Design, Setting, and ParticipantsMail survey of all 97 a",1,Manually verified by team
C5,How does obesity increase the risk of type 2 diabetes?,10071552,Averting Obesity and Type 2 Diabetes in India through Sugar-Sweetened Beverage Taxation: An Economic-Epidemiologic Modeling Study,"BACKGROUND Taxing sugar-sweetened beverages (SSBs) has been proposed in high-income countries to reduce obesity and type 2 diabetes. We sought to estimate the potential health effects of such a fiscal strategy in the middle-income country of India, where there is heterogeneity in SSB consumption, patterns of substitution between SSBs and other beverages after tax increases, and vast differences in chronic disease risk within the population. METHODS AND FINDINGS Using consumption and price variations data from a nationally representative survey of 100,855 Indian households, we first calculated ",0,Manually verified by team
C5,How does obesity increase the risk of type 2 diabetes?,11481946,"Obesity, type 2 diabetes, and cancer: the insulin and IGF connection.","Epidemiological studies suggest a positive association between obesity and type 2 diabetes mellitus (T2D) with the risk of cancer and cancer-related mortality. Insulin resistance, hyperinsulinemia, increased levels of IGF, elevated levels of steroid and peptide hormones, and inflammatory markers appear to play a role in the connection between these different diseases. Medications, such as metformin and exogenous insulin, used to treat T2D may affect the risk of cancer and cancer-related mortality. Newer therapies targeting the insulin and IGF1 systems are being developed for use in cancer ther",0,Manually verified by team
C5,How does obesity increase the risk of type 2 diabetes?,120626,Mechanisms linking obesity to insulin resistance and type 2 diabetes,"Obesity is associated with an increased risk of developing insulin resistance and type 2 diabetes. In obese individuals, adipose tissue releases increased amounts of non-esterified fatty acids, glycerol, hormones, pro-inflammatory cytokines and other factors that are involved in the development of insulin resistance. When insulin resistance is accompanied by dysfunction of pancreatic islet β-cells — the cells that release insulin — failure to control blood glucose levels results. Abnormalities in β-cell function are therefore critical in defining the risk and development of type 2 diabetes. Th",1,Manually verified by team
C5,How does obesity increase the risk of type 2 diabetes?,1974176,Fruit consumption and risk of type 2 diabetes: results from three prospective longitudinal cohort studies,"OBJECTIVE To determine whether individual fruits are differentially associated with risk of type 2 diabetes. DESIGN Prospective longitudinal cohort study. SETTING Health professionals in the United States. PARTICIPANTS 66,105 women from the Nurses' Health Study (1984-2008), 85,104 women from the Nurses' Health Study II (1991-2009), and 36,173 men from the Health Professionals Follow-up Study (1986-2008) who were free of major chronic diseases at baseline in these studies. MAIN OUTCOME MEASURE Incident cases of type 2 diabetes, identified through self report and confirmed by supplementary quest",0,Manually verified by team
C5,How does obesity increase the risk of type 2 diabetes?,32534305,Type 2 diabetes and subsequent incidence of breast cancer in the Nurses' Health Study.,"OBJECTIVE Hyperinsulinemia may promote mammary carcinogenesis. Insulin resistance has been linked to an increased risk of breast cancer and is also characteristic of type 2 diabetes. We prospectively evaluated the association between type 2 diabetes and invasive breast cancer incidence in the Nurses' Health Study. RESEARCH DESIGN AND METHODS A total of 116,488 female nurses who were 30-55 years old and free of cancer in 1976 were followed through 1996 for the occurrence of type 2 diabetes and through 1998 for incident invasive breast cancer, verified by medical records and pathology reports. R",0,Manually verified by team
C5,How does obesity increase the risk of type 2 diabetes?,4886637,"Diabetes, metabolic syndrome, and breast cancer: a review of the current evidence.","Incidences of breast cancer, type 2 diabetes, and metabolic syndrome have increased over the past decades with the obesity epidemic, especially in industrialized countries. Insulin resistance, hyperinsulinemia, and changes in the signaling of growth hormones and steroid hormones associated with diabetes may affect the risk of breast cancer. We reviewed epidemiologic studies of the association between type 2 diabetes and risk of breast cancer and the available evidence on the role of hormonal mediators of an association between diabetes and breast cancer. The combined evidence supports a modest",0,Manually verified by team
C6,Does aspirin use lower the risk of colorectal cancer?,15648443,Long-term effect of aspirin on cancer risk in carriers of hereditary colorectal cancer: an analysis from the CAPP2 randomised controlled trial,"BACKGROUND Observational studies report reduced colorectal cancer in regular aspirin consumers. Randomised controlled trials have shown reduced risk of adenomas but none have employed prevention of colorectal cancer as a primary endpoint. The CAPP2 trial aimed to investigate the antineoplastic effects of aspirin and a resistant starch in carriers of Lynch syndrome, the major form of hereditary colorectal cancer; we now report long-term follow-up of participants randomly assigned to aspirin or placebo. METHODS In the CAPP2 randomised trial, carriers of Lynch syndrome were randomly assigned in a",1,Manually verified by team
C6,Does aspirin use lower the risk of colorectal cancer?,39903312,A randomized trial of aspirin to prevent colorectal adenomas in patients with previous colorectal cancer.,"BACKGROUND Experimental studies in animals and observational studies in humans suggest that regular aspirin use may decrease the risk of colorectal adenomas, the precursors to most colorectal cancers. METHODS We conducted a randomized, double-blind trial to determine the effect of aspirin on the incidence of colorectal adenomas. We randomly assigned 635 patients with previous colorectal cancer to receive either 325 mg of aspirin per day or placebo. We determined the proportion of patients with adenomas, the number of recurrent adenomas, and the time to the development of adenoma between random",1,Manually verified by team
C6,Does aspirin use lower the risk of colorectal cancer?,43334921,Association of aspirin and NSAID use with risk of colorectal cancer according to genetic variants.,"IMPORTANCE Use of aspirin and other nonsteroidal anti-inflammatory drugs (NSAIDs) is associated with lower risk of colorectal cancer. OBJECTIVE To identify common genetic markers that may confer differential benefit from aspirin or NSAID chemoprevention, we tested gene × environment interactions between regular use of aspirin and/or NSAIDs and single-nucleotide polymorphisms (SNPs) in relation to risk of colorectal cancer. DESIGN, SETTING, AND PARTICIPANTS Case-control study using data from 5 case-control and 5 cohort studies initiated between 1976 and 2003 across the United States, Canada, Au",1,Manually verified by team
C6,Does aspirin use lower the risk of colorectal cancer?,46485368,Prolonged effect of calcium supplementation on risk of colorectal adenomas in a randomized trial.,"BACKGROUND Calcium supplementation has been shown to decrease the risk of recurrence of colorectal adenomas in randomized trials. However, the duration of this protective effect after cessation of active supplementation is not known. METHODS In the Calcium Polyp Prevention Study, 930 subjects with a previous colorectal adenoma were randomly assigned from November 1988 through April 1992 to receive placebo or 1200 mg of elemental calcium daily for 4 years. The Calcium Follow-up Study was an observational phase of the trial that tracked adenoma occurrence for an average of 7 years after the end ",0,Manually verified by team
C6,Does aspirin use lower the risk of colorectal cancer?,520579,Plasma vitamin D metabolites and risk of colorectal cancer in women.,"OBJECTIVE Experimental evidence suggests that 1,25-dihydroxyvitamin D and its precursor, 25-hydroxyvitamin D [25(OH)D], may aid in the prevention of colorectal cancer. We therefore examined risk in relation to plasma concentrations of these vitamin D metabolites. METHODS In a nested case-control study among women in the Nurses' Health Study, we identified 193 colorectal cancer cases, ages 46 to 78 years, diagnosed up to 11 years after blood collection. Two controls were matched per case on year of birth and month of blood draw. Odds ratios (OR) for risk of colorectal cancer were calculated usi",0,Manually verified by team
C6,Does aspirin use lower the risk of colorectal cancer?,7613033,Aspirin in the chemoprevention of colorectal neoplasia: an overview.,"Considerable evidence supports the effectiveness of aspirin for chemoprevention of colorectal cancer (CRC) in addition to its well-established benefits in the prevention of vascular disease. Epidemiologic studies have consistently observed an inverse association between aspirin use and risk of CRC. A recent pooled analysis of a long-term posttrial follow-up of nearly 14,000 patients from four randomized, cardiovascular disease prevention trials showed that daily aspirin treatment for about five years was associated with a 34% reduction in 20-year CRC mortality. A separate metaanalysis of nearl",1,Manually verified by team
C7,How does the gut microbiota shape the immune system?,15578265,A model for the role of gut bacteria in the development of autoimmunity for type 1 diabetes,"Several lines of evidence suggest a role for the gut microbiome in type 1 diabetes. Treating diabetes-prone rodents with probiotics or antibiotics prevents the development of the disorder. Diabetes-prone rodents also have a distinctly different gut microbiome compared with healthy rodents. Recent studies in children with a high genetic risk for type 1 diabetes demonstrate significant differences in the gut microbiome between children who develop autoimmunity for the disease and those who remain healthy. However, the differences in microbiome composition between autoimmune and healthy children ",1,Manually verified by team
C7,How does the gut microbiota shape the immune system?,2604063,"The composition of the gut microbiota throughout life, with an emphasis on early life","The intestinal microbiota has become a relevant aspect of human health. Microbial colonization runs in parallel with immune system maturation and plays a role in intestinal physiology and regulation. Increasing evidence on early microbial contact suggest that human intestinal microbiota is seeded before birth. Maternal microbiota forms the first microbial inoculum, and from birth, the microbial diversity increases and converges toward an adult-like microbiota by the end of the first 3-5 years of life. Perinatal factors such as mode of delivery, diet, genetics, and intestinal mucin glycosylatio",1,Manually verified by team
C7,How does the gut microbiota shape the immune system?,33918970,Interactive effects of oligofructose and obesity predisposition on gut hormones and microbiota in diet-induced obese rats.,"OBJECTIVE Oligofructose (OFS) is a prebiotic that reduces energy intake and fat mass via changes in gut satiety hormones and microbiota. The effects of OFS may vary depending on predisposition to obesity. The aim of this study was to examine the effect of OFS in diet-induced obese (DIO) and diet-resistant (DR) rats. METHODS Adult, male DIO, and DR rats were randomized to: high-fat/high-sucrose (HFS) diet or HFS diet + 10% OFS for 6 weeks. Body composition, food intake, gut microbiota, plasma gut hormones, and cannabinoid CB(1) receptor expression in the nodose ganglia were measured. RESULTS OF",0,Manually verified by team
C7,How does the gut microbiota shape the immune system?,41120293,The Intestinal Immune System in Obesity and Insulin Resistance.,"Obesity and insulin resistance are associated with chronic inflammation in metabolic tissues such as adipose tissue and the liver. Recently, growing evidence has implicated the intestinal immune system as an important contributor to metabolic disease. Obesity predisposes to altered intestinal immunity and is associated with changes to the gut microbiota, intestinal barrier function, gut-residing innate and adaptive immune cells, and oral tolerance to luminal antigens. Accordingly, the gut immune system may represent a novel therapeutic target for systemic inflammation in insulin resistance. Th",1,Manually verified by team
C7,How does the gut microbiota shape the immune system?,42693833,Foxp3(+) T cells regulate immunoglobulin a selection and facilitate diversification of bacterial species responsible for immune homeostasis.,"Foxp3(+) T cells play a critical role for the maintenance of immune tolerance. Here we show that in mice, Foxp3(+) T cells contributed to diversification of gut microbiota, particularly of species belonging to Firmicutes. The control of indigenous bacteria by Foxp3(+) T cells involved regulatory functions both outside and inside germinal centers (GCs), consisting of suppression of inflammation and regulation of immunoglobulin A (IgA) selection in Peyer's patches, respectively. Diversified and selected IgAs contributed to maintenance of diversified and balanced microbiota, which in turn facilit",1,Manually verified by team
C7,How does the gut microbiota shape the immune system?,52805891,Gut Microbiota Is a Key Modulator of Insulin Resistance in TLR 2 Knockout Mice,"Environmental factors and host genetics interact to control the gut microbiota, which may have a role in the development of obesity and insulin resistance. TLR2-deficient mice, under germ-free conditions, are protected from diet-induced insulin resistance. It is possible that the presence of gut microbiota could reverse the phenotype of an animal, inducing insulin resistance in an animal genetically determined to have increased insulin sensitivity, such as the TLR2 KO mice. In the present study, we investigated the influence of gut microbiota on metabolic parameters, glucose tolerance, insulin",0,Manually verified by team
C8,What genetic risk factors are associated with Alzheimer's disease?,24530130,Genome-wide association study identifies variants at CLU and CR1 associated with Alzheimer's disease,"The gene encoding apolipoprotein E (APOE) on chromosome 19 is the only confirmed susceptibility locus for late-onset Alzheimer's disease. To identify other risk loci, we conducted a large genome-wide association study of 2,032 individuals from France with Alzheimer's disease (cases) and 5,328 controls. Markers outside APOE with suggestive evidence of association (P < 10−5) were examined in collections from Belgium, Finland, Italy and Spain totaling 3,978 Alzheimer's disease cases and 3,297 controls. Two loci gave replicated evidence of association: one within CLU (also called APOJ), encoding c",1,Manually verified by team
C8,What genetic risk factors are associated with Alzheimer's disease?,31347396,A rare mutation in UNC5C predisposes to late-onset Alzheimer's disease and increases neuronal cell death,"We have identified a rare coding mutation, T835M (rs137875858), in the UNC5C netrin receptor gene that segregated with disease in an autosomal dominant pattern in two families enriched for late-onset Alzheimer's disease and that was associated with disease across four large case-control cohorts (odds ratio = 2.15, Pmeta = 0.0095). T835M alters a conserved residue in the hinge region of UNC5C, and in vitro studies demonstrate that this mutation leads to increased cell death in human HEK293T cells and in rodent neurons. Furthermore, neurons expressing T835M UNC5C are more susceptible to cell dea",1,Manually verified by team
C8,What genetic risk factors are associated with Alzheimer's disease?,41264017,Aggregation of vascular risk factors and risk of incident Alzheimer disease.,"BACKGROUND The prevalence of Alzheimer disease (AD) is increasing in the elderly, and vascular risk factors may increase its risk. OBJECTIVE To explore the association of the aggregation of vascular risk factors with AD. METHODS The authors followed 1,138 individuals without dementia at baseline (mean age 76.2) for a mean of 5.5 years. The presence of vascular risk factors was related to incident possible and probable AD. RESULTS Four risk factors (diabetes, hypertension, heart disease, and current smoking) were associated with a higher risk of AD (p < 0.10) when analyzed individually. The ris",0,Manually verified by team
C8,What genetic risk factors are associated with Alzheimer's disease?,41782935,Genetic diagnosis and prognosis of Alzheimer's disease: challenges and opportunities.,"Alzheimer's disease (AD), the most common form of dementia in western societies, is a pathologically and clinically heterogeneous disease with a strong genetic component. The recent advances in high-throughput genome technologies allowing for the rapid analysis of millions of polymorphisms in thousands of subjects has significantly advanced our understanding of the genomic underpinnings of AD susceptibility. During the last 5 years, genome-wide association and whole-exome- and whole-genome sequencing studies have mapped more than 20 disease-associated loci, providing insights into the molecula",1,Manually verified by team
C8,What genetic risk factors are associated with Alzheimer's disease?,4505748,Disclosure of APOE genotype for risk of Alzheimer's disease.,"BACKGROUND The apolipoprotein E (APOE) genotype provides information on the risk of Alzheimer's disease, but the genotyping of patients and their family members has been discouraged. We examined the effect of genotype disclosure in a prospective, randomized, controlled trial. METHODS We randomly assigned 162 asymptomatic adults who had a parent with Alzheimer's disease to receive the results of their own APOE genotyping (disclosure group) or not to receive such results (nondisclosure group). We measured symptoms of anxiety, depression, and test-related distress 6 weeks, 6 months, and 1 year af",1,Manually verified by team
C8,What genetic risk factors are associated with Alzheimer's disease?,4709641,Gain of toxic Apolipoprotein E4 effects in Human iPSC-Derived Neurons Is Ameliorated by a Small-Molecule Structure Corrector,"Efforts to develop drugs for Alzheimer's disease (AD) have shown promise in animal studies, only to fail in human trials, suggesting a pressing need to study AD in human model systems. Using human neurons derived from induced pluripotent stem cells that expressed apolipoprotein E4 (ApoE4), a variant of the APOE gene product and the major genetic risk factor for AD, we demonstrated that ApoE4-expressing neurons had higher levels of tau phosphorylation, unrelated to their increased production of amyloid-β (Aβ) peptides, and that they displayed GABAergic neuron degeneration. ApoE4 increased Aβ pr",1,Manually verified by team
C8,What genetic risk factors are associated with Alzheimer's disease?,7221410,Alzheimer’s Disease Risk Gene CD33 Inhibits Microglial Uptake of Amyloid Beta,"The transmembrane protein CD33 is a sialic acid-binding immunoglobulin-like lectin that regulates innate immunity but has no known functions in the brain. We have previously shown that the CD33 gene is a risk factor for Alzheimer's disease (AD). Here, we observed increased expression of CD33 in microglial cells in AD brain. The minor allele of the CD33 SNP rs3865444, which confers protection against AD, was associated with reductions in both CD33 expression and insoluble amyloid beta 42 (Aβ42) levels in AD brain. Furthermore, the numbers of CD33-immunoreactive microglia were positively correla",1,Manually verified by team
C8,What genetic risk factors are associated with Alzheimer's disease?,8524891,White matter hyperintensities are a core feature of Alzheimer's disease: Evidence from the dominantly inherited Alzheimer network.,"OBJECTIVE White matter hyperintensities (WMHs) are areas of increased signal on T2-weighted magnetic resonance imaging (MRI) scans that most commonly reflect small vessel cerebrovascular disease. Increased WMH volume is associated with risk and progression of Alzheimer's disease (AD). These observations are typically interpreted as evidence that vascular abnormalities play an additive, independent role contributing to symptom presentation, but not core features of AD. We examined the severity and distribution of WMH in presymptomatic PSEN1, PSEN2, and APP mutation carriers to determine the ext",0,Manually verified by team
C9,How do bacteria become resistant to antibiotics?,1103795,A Common Mechanism of Cellular Death Induced by Bactericidal Antibiotics,"Antibiotic mode-of-action classification is based upon drug-target interaction and whether the resultant inhibition of cellular function is lethal to bacteria. Here we show that the three major classes of bactericidal antibiotics, regardless of drug-target interaction, stimulate the production of highly deleterious hydroxyl radicals in Gram-negative and Gram-positive bacteria, which ultimately contribute to cell death. We also show, in contrast, that bacteriostatic drugs do not produce hydroxyl radicals. We demonstrate that the mechanism of hydroxyl radical formation induced by bactericidal an",0,Manually verified by team
C9,How do bacteria become resistant to antibiotics?,11336632,CRISPR Interference Limits Horizontal Gene Transfer in Staphylococci by Targeting DNA,"Horizontal gene transfer (HGT) in bacteria and archaea occurs through phage transduction, transformation, or conjugation, and the latter is particularly important for the spread of antibiotic resistance. Clustered, regularly interspaced, short palindromic repeat (CRISPR) loci confer sequence-directed immunity against phages. A clinical isolate of Staphylococcus epidermidis harbors a CRISPR spacer that matches the nickase gene present in nearly all staphylococcal conjugative plasmids. Here we show that CRISPR interference prevents conjugation and plasmid transformation in S. epidermidis. Insert",1,Manually verified by team
C9,How do bacteria become resistant to antibiotics?,1769799,The ins and outs of DNA transfer in bacteria.,"Transformation and conjugation permit the passage of DNA through the bacterial membranes and represent dominant modes for the transfer of genetic information between bacterial cells or between bacterial and eukaryotic cells. As such, they are responsible for the spread of fitness-enhancing traits, including antibiotic resistance. Both processes usually involve the recognition of double-stranded DNA, followed by the transfer of single strands. Elaborate molecular machines are responsible for negotiating the passage of macromolecular DNA through the layers of the cell surface. All or nearly all ",1,Manually verified by team
C9,How do bacteria become resistant to antibiotics?,24746892,Killing by bactericidal antibiotics does not depend on reactive oxygen species.,"Bactericidal antibiotics kill by modulating their respective targets. This traditional view has been challenged by studies that propose an alternative, unified mechanism of killing, whereby toxic reactive oxygen species (ROS) are produced in the presence of antibiotics. We found no correlation between an individual cell's probability of survival in the presence of antibiotic and its level of ROS. An ROS quencher, thiourea, protected cells from antibiotics present at low concentrations, but the effect was observed under anaerobic conditions as well. There was essentially no difference in surviv",0,Manually verified by team
C9,How do bacteria become resistant to antibiotics?,27438378,Misread protein creates membrane channels: an essential step in the bactericidal action of aminoglycosides.,"Among the pleiotropic effects of aminoglycosides, their irreversible uptake and their blockade of initiating ribosomes have appeared to explain their bactericidal action, while the contributions of translational misreading and membrane damage and the mechanism of that damage have remained uncertain. We now present evidence that incorporation of misread proteins into the membrane can account for the membrane damage. The bactericidal action thus appears to result from the following sequence, in which each step is essential: slight initial entry of the antibiotic; interaction with chain-elongatin",0,Manually verified by team
C9,How do bacteria become resistant to antibiotics?,31460499,Resistance to antimicrobials in humans and animals.,"Overusing antibiotics is not the only cause and reducing use is not the only solution   W arning signs of antimicrobial resistance, chinks in the antimicrobial armour, began to appear in the middle of the last century, and by the 1990s various reports had signalled the dangers of excessive or inappropriate use of antibiotics in clinical medicine and of the use of antibiotics in animal feed as growth promoters.1–3 Overuse of antimicrobials emerged as the main culprit, and reducing their use was seen as the answer. But it may not be that simple. The idea that reducing antibiotic use would redres",1,Manually verified by team
C9,How do bacteria become resistant to antibiotics?,4465735,Precision microbiome reconstitution restores bile acid mediated resistance to Clostridium difficile,"The gastrointestinal tracts of mammals are colonized by hundreds of microbial species that contribute to health, including colonization resistance against intestinal pathogens. Many antibiotics destroy intestinal microbial communities and increase susceptibility to intestinal pathogens. Among these, Clostridium difficile, a major cause of antibiotic-induced diarrhoea, greatly increases morbidity and mortality in hospitalized patients. Which intestinal bacteria provide resistance to C. difficile infection and their in vivo inhibitory mechanisms remain unclear. Here we correlate loss of specific",0,Manually verified by team
C9,How do bacteria become resistant to antibiotics?,4695107,The challenges of overcoming antibiotic resistance: Plant extracts as potential sources of antimicrobial and resistance modifying agents,"The problem of antibiotic resistance, which has limited the use of cheap and old antibiotics, has necessitated the need for a continued search for new antimicrobial compounds. Understanding the mechanisms of resistance is important in the development of strategies to solving the problem. Active efflux of drugs, alteration of target sites and enzymatic degradations are the strategies by which pathogenic bacteria acquire or develop intrinsic resistance to antibiotics. Multi-drug resistance (MDR) pumps, capable of recognizing and expelling a variety of structurally unrelated compounds from the ba",1,Manually verified by team
C9,How do bacteria become resistant to antibiotics?,6372244,Antibiotic-induced shifts in the mouse gut microbiome and metabolome increase susceptibility to Clostridium difficile infection,"Antibiotics can have significant and long-lasting effects on the gastrointestinal tract microbiota, reducing colonization resistance against pathogens including Clostridium difficile. Here we show that antibiotic treatment induces substantial changes in the gut microbial community and in the metabolome of mice susceptible to C. difficile infection. Levels of secondary bile acids, glucose, free fatty acids and dipeptides decrease, whereas those of primary bile acids and sugar alcohols increase, reflecting the modified metabolic activity of the altered gut microbiome. In vitro and ex vivo analys",0,Manually verified by team
C9,How do bacteria become resistant to antibiotics?,90756514,REVIEW ON CLINICALLY DEVELOPING ANTIBIOTICS,"The world is running out of antibiotics. Between 1940 and 1962, more than 20 new classes of antibiotics were marketed. Since then, only two new classes of antibiotics were marketed. Now, not enough analogues are reaching the market to stem the tide of antibiotic resistance, particularly among gram-negative bacteria which indicates the need of novel antibiotics for their effective action. This review describes those antibiotics in late-stage clinical development. Most of them belong to existing antibiotic classes and a few with a narrow spectrum of activity are novel compounds directed against ",0,Manually verified by team
C10,Does physical exercise improve insulin sensitivity?,10889845,Blockade of class IB phosphoinositide-3 kinase ameliorates obesity-induced inflammation and insulin resistance.,"Obesity and insulin resistance, the key features of metabolic syndrome, are closely associated with a state of chronic, low-grade inflammation characterized by abnormal macrophage infiltration into adipose tissues. Although it has been reported that chemokines promote leukocyte migration by activating class IB phosphoinositide-3 kinase (PI3Kγ) in inflammatory states, little is known about the role of PI3Kγ in obesity-induced macrophage infiltration into tissues, systemic inflammation, and the development of insulin resistance. In the present study, we used murine models of both diet-induced an",0,Manually verified by team
C10,Does physical exercise improve insulin sensitivity?,12770738,Cardiorespiratory fitness and body mass index as predictors of cardiovascular disease mortality among men with diabetes.,"BACKGROUND Questions remain as to whether higher levels of cardiorespiratory fitness, a measure of regular physical activity, are associated with lower risk of cardiovascular disease (CVD) mortality in overweight and obese individuals with diabetes. Our objective was to quantify the independent and joint relations of cardiorespiratory fitness (hereafter, fitness) and body mass index (BMI; calculated as weight in kilograms divided by the square of height in meters) with CVD mortality in men with diabetes. METHODS This study was conducted using prospective observational data from the Aerobics Ce",0,Manually verified by team
C10,Does physical exercise improve insulin sensitivity?,2481032,Neuronal Sirt1 deficiency increases insulin sensitivity in both brain and peripheral tissues.,"Sirt1 is a NAD(+)-dependent class III deacetylase that functions as a cellular energy sensor. In addition to its well-characterized effects in peripheral tissues, emerging evidence suggests that neuronal Sirt1 activity plays a role in the central regulation of energy balance and glucose metabolism. To assess this idea, we generated Sirt1 neuron-specific knockout (SINKO) mice. On both standard chow and HFD, SINKO mice were more insulin sensitive than Sirt1(f/f) mice. Thus, SINKO mice had lower fasting insulin levels, improved glucose tolerance and insulin tolerance, and enhanced systemic insuli",0,Manually verified by team
C10,Does physical exercise improve insulin sensitivity?,26058927,Thiazolidinediones improve beta-cell function in type 2 diabetic patients.,Thiazolidinediones (TZDs) improve glycemic control and insulin sensitivity in patients with type 2 diabetes mellitus (T2DM). There is growing evidence from in vivo and in vitro studies that TZDs improve pancreatic beta-cell function. The aim of this study was to determine whether TZD-induced improvement in glycemic control is associated with improved beta-cell function. We studied 11 normal glucose-tolerant and 53 T2DM subjects [age 53+/-2 yr; BMI 29.4+/-0.8 kg/m2; fasting plasma glucose (FPG) 10.3+/-0.4 mM; Hb A1c 8.2+/-0.3%]. Diabetic patients were randomized to receive placebo or TZD for 4 ,0,Manually verified by team
C10,Does physical exercise improve insulin sensitivity?,27428509,Prevention of Type 2 Diabetes Mellitus Through Inhibition of the Renin-Angiotensin System,"Type 2 diabetes mellitus is becoming a major health problem associated with excess morbidity and mortality. As the prevalence of type 2 diabetes is rapidly increasing, prevention of the disease should be considered as a key objective in the near future. Besides lifestyle changes, various pharmacological treatments have proven their efficacy in placebo-controlled clinical trials, including antidiabetic drugs such as metformin, acarbose and troglitazone, or antiobesity agents such as orlistat. Arterial hypertension, a clinical entity in which insulin resistance is common, is strongly associated ",0,Manually verified by team
C10,Does physical exercise improve insulin sensitivity?,2820454,Exercise and respiratory training improve exercise capacity and quality of life in patients with severe chronic pulmonary hypertension.,"BACKGROUND Pulmonary hypertension (PH) is associated with restricted physical capacity, limited quality of life, and a poor prognosis because of right heart failure. The present study is the first prospective randomized study to evaluate the effects of exercise and respiratory training in patients with severe symptomatic PH. METHODS AND RESULTS Thirty patients with PH (21 women; mean age, 50+/-13 years; mean pulmonary artery pressure, 50+/-15 mm Hg; mean World Health Organization [WHO] class, 2.9+/-0.5; pulmonary arterial hypertension, n=23; chronic thromboembolic PH, n=7) on stable disease-ta",0,Manually verified by team
C10,Does physical exercise improve insulin sensitivity?,40090058,Functional in vivo interactions between JNK1 and JNK2 isoforms in obesity and insulin resistance.,"The c-Jun N-terminal kinases (JNKs) are key regulators of inflammation and interfere with insulin action in cultured cells and whole animals. Obesity increases total JNK activity, and JNK1, but not JNK2, deficiency results in reduced adiposity and improved insulin sensitivity. Interestingly, a higher-than-normal level of JNK activation is observed in Jnk2(-/-) mice, particularly in the liver, indicating an interaction between the isoforms that might have masked the metabolic activity of JNK2 in isolated mutant mice. To address the role of the JNK2 isoform in metabolic homeostasis, we intercros",0,Manually verified by team
C10,Does physical exercise improve insulin sensitivity?,4463588,"Effects of exercise intensity on cardiovascular fitness, total body composition, and visceral adiposity of obese adolescents.","BACKGROUND Little is known about how the intensity of exercise influences cardiovascular fitness and body composition, especially in obese adolescents. OBJECTIVE Our goal was to determine the effects of physical training intensity on the cardiovascular fitness, percentage of body fat (%BF), and visceral adipose tissue (VAT) of obese adolescents. DESIGN Obese 13-16-y-olds (n = 80) were assigned to 1) biweekly lifestyle education (LSE), 2) LSE + moderate-intensity physical training, or 3) LSE + high-intensity physical training. The intervention lasted 8 mo. Physical training was offered 5 d/wk, ",0,Manually verified by team
C10,Does physical exercise improve insulin sensitivity?,53779698,Exercise as a therapeutic approach to improve blood pressure in patients with peripheral arterial disease: current literature and future directions.,"INTRODUCTION Patients with symptomatic peripheral artery disease (PAD) exhibit reduced functional capacity and increased mortality due to cardiovascular disease. Although exercise has been a cornerstone for clinical treatment to improve walking capacity in patients with symptomatic PAD, its effects on cardiovascular parameters have been poorly explored. Areas covered: This review examines the role of exercise in improving blood pressure in patients with symptomatic PAD and summarizes the current evidence on the acute (single bout of exercise) and chronic effects of walking and resistance exerc",0,Manually verified by team
C10,Does physical exercise improve insulin sensitivity?,5687200,Vegetarian diet improves insulin resistance and oxidative stress markers more than conventional diet in subjects with Type 2 diabetes,"AIMS The aim of this study was to compare the effects of calorie-restricted vegetarian and conventional diabetic diets alone and in combination with exercise on insulin resistance, visceral fat and oxidative stress markers in subjects with Type 2 diabetes. METHODS A 24-week, randomized, open, parallel design was used. Seventy-four patients with Type 2 diabetes were randomly assigned to either the experimental group (n = 37), which received a vegetarian diet, or the control group (n = 37), which received a conventional diabetic diet. Both diets were isocaloric, calorie restricted (-500 kcal/day",1,Manually verified by team
