qid	query
C1	Does vitamin D deficiency increase the risk of multiple sclerosis?
C2	What is the role of microRNAs in cancer metastasis?
C3	Do statins reduce the risk of venous thromboembolism?
C4	Are liver transplant programs willing to accept patients on methadone maintenance?
C5	How does obesity increase the risk of type 2 diabetes?
C6	Does aspirin use lower the risk of colorectal cancer?
C7	How does the gut microbiota shape the immune system?
C8	What genetic risk factors are associated with Alzheimer's disease?
C9	How do bacteria become resistant to antibiotics?
C10	Does physical exercise improve insulin sensitivity?
